ds,trend,yhat_lower,yhat_upper,trend_lower,trend_upper,Tariff_Rate,Tariff_Rate_lower,Tariff_Rate_upper,additive_terms,additive_terms_lower,additive_terms_upper,extra_regressors_additive,extra_regressors_additive_lower,extra_regressors_additive_upper,yearly,yearly_lower,yearly_upper,multiplicative_terms,multiplicative_terms_lower,multiplicative_terms_upper,yhat
2010-05-01,134.38770300000002,-66.77764099590932,370.6384390329044,134.38770300000002,134.38770300000002,7.132668197849699,7.132668197849699,7.132668197849699,14.703288477125305,14.703288477125305,14.703288477125305,7.132668197849699,7.132668197849699,7.132668197849699,7.570620279275607,7.570620279275607,7.570620279275607,0.0,0.0,0.0,149.09099147712533
2010-06-01,134.3670013848952,-23.815181633166,405.43252814375234,134.3670013848952,134.3670013848952,7.132668197849699,7.132668197849699,7.132668197849699,52.528119717243115,52.528119717243115,52.528119717243115,7.132668197849699,7.132668197849699,7.132668197849699,45.39545151939342,45.39545151939342,45.39545151939342,0.0,0.0,0.0,186.89512110213832
2010-09-01,134.30556433361633,-27.045986045457123,418.8579719535187,134.30556433361633,134.30556433361633,7.132668197849699,7.132668197849699,7.132668197849699,48.45642414224281,48.45642414224281,48.45642414224281,7.132668197849699,7.132668197849699,7.132668197849699,41.32375594439311,41.32375594439311,41.32375594439311,0.0,0.0,0.0,182.76198847585914
2011-12-01,134.00105025336478,142.74827021833065,566.612696261025,134.00105025336478,134.00105025336478,7.132668197849699,7.132668197849699,7.132668197849699,211.3045262365225,211.3045262365225,211.3045262365225,7.132668197849699,7.132668197849699,7.132668197849699,204.17185803867278,204.17185803867278,204.17185803867278,0.0,0.0,0.0,345.30557648988724
2012-04-01,133.91957943653233,67.96836329908058,477.19060455757125,133.91957943653233,133.91957943653233,7.132668197849699,7.132668197849699,7.132668197849699,135.52018963134392,135.52018963134392,135.52018963134392,7.132668197849699,7.132668197849699,7.132668197849699,128.38752143349421,128.38752143349421,128.38752143349421,0.0,0.0,0.0,269.4397690678762
2012-10-01,133.7973732112837,-96.08511956472812,361.07369469391165,133.7973732112837,133.7973732112837,7.132668197849699,7.132668197849699,7.132668197849699,7.696235945247952,7.696235945247952,7.696235945247952,7.132668197849699,7.132668197849699,7.132668197849699,0.5635677473982528,0.5635677473982528,0.5635677473982528,0.0,0.0,0.0,141.49360915653168
2012-12-01,133.75663780286746,-126.95709553226435,293.7082500250377,133.75663780286746,133.75663780286746,7.132668197849699,7.132668197849699,7.132668197849699,-41.88776368610185,-41.88776368610185,-41.88776368610185,7.132668197849699,7.132668197849699,7.132668197849699,-49.020431883951545,-49.020431883951545,-49.020431883951545,0.0,0.0,0.0,91.86887411676561
2013-03-01,133.6965363826972,53.9442199285943,507.89957154979055,133.6965363826972,133.6965363826972,7.132668197849699,7.132668197849699,7.132668197849699,145.38858188452448,145.38858188452448,145.38858188452448,7.132668197849699,7.132668197849699,7.132668197849699,138.25591368667477,138.25591368667477,138.25591368667477,0.0,0.0,0.0,279.0851182672217
2013-08-01,133.5943639684077,-4.710989216574818,410.8466320381345,133.5943639684077,133.5943639684077,7.132668197849699,7.132668197849699,7.132668197849699,68.58912809273686,68.58912809273686,68.58912809273686,7.132668197849699,7.132668197849699,7.132668197849699,61.45645989488715,61.45645989488715,61.45645989488715,0.0,0.0,0.0,202.18349206114453
2013-09-01,133.5736623681268,149.98667690138348,570.0316040356715,133.5736623681268,133.5736623681268,7.132668197849699,7.132668197849699,7.132668197849699,226.11040320238976,226.11040320238976,226.11040320238976,7.132668197849699,7.132668197849699,7.132668197849699,218.97773500454005,218.97773500454005,218.97773500454005,0.0,0.0,0.0,359.68406557051657
2013-11-01,133.53292696049567,30.19425471438729,461.99997997189286,133.53292696049567,133.53292696049567,7.132668197849699,7.132668197849699,7.132668197849699,118.95589766141862,118.95589766141862,118.95589766141862,7.132668197849699,7.132668197849699,7.132668197849699,111.82322946356892,111.82322946356892,111.82322946356892,0.0,0.0,0.0,252.4888246219143
2014-02-01,133.4714899522651,56.04109864306507,486.18230328726037,133.4714899522651,133.4714899522651,7.132668197849699,7.132668197849699,7.132668197849699,124.08884510757257,124.08884510757257,124.08884510757257,7.132668197849699,7.132668197849699,7.132668197849699,116.95617690972286,116.95617690972286,116.95617690972286,0.0,0.0,0.0,257.56033505983766
2014-03-01,133.4527917323689,100.39605060882181,531.8068852426093,133.4527917323689,133.4527917323689,7.132668197849699,7.132668197849699,7.132668197849699,175.13589787989272,175.13589787989272,175.13589787989272,7.132668197849699,7.132668197849699,7.132668197849699,168.003229682043,168.003229682043,168.003229682043,0.0,0.0,0.0,308.58868961226165
2014-05-01,133.41205634864602,-49.47888310609977,389.6957612600519,133.41205634864602,133.41205634864602,7.132668197849699,7.132668197849699,7.132668197849699,14.703288477983474,14.703288477983474,14.703288477983474,7.132668197849699,7.132668197849699,7.132668197849699,7.570620280133776,7.570620280133776,7.570620280133776,0.0,0.0,0.0,148.1153448266295
2014-10-01,133.30988399275094,-85.65165935372637,340.17350004612763,133.30988399275094,133.30988399275094,7.132668197849699,7.132668197849699,7.132668197849699,-6.9538874734631095,-6.9538874734631095,-6.9538874734631095,7.132668197849699,7.132668197849699,7.132668197849699,-14.086555671312809,-14.086555671312809,-14.086555671312809,0.0,0.0,0.0,126.35599651928783
2014-11-01,133.28918240812607,99.4049236316637,522.9422596327261,133.28918240812607,133.28918240812607,7.132668197849699,7.132668197849699,7.132668197849699,185.02717404504577,185.02717404504577,185.02717404504577,7.132668197849699,7.132668197849699,7.132668197849699,177.89450584719606,177.89450584719606,177.89450584719606,0.0,0.0,0.0,318.3163564531718
2014-12-01,133.2691486165536,35.819551660142416,479.9523604087132,133.2691486165536,133.2691486165536,7.132668197849699,7.132668197849699,7.132668197849699,128.61999790891136,128.61999790891136,128.61999790891136,7.132668197849699,7.132668197849699,7.132668197849699,121.48732971106166,121.48732971106166,121.48732971106166,0.0,0.0,0.0,261.889146525465
2015-04-01,133.1883456572113,-98.32217273232693,362.1025141721233,133.1883456572113,133.1883456572113,7.132668197849699,7.132668197849699,7.132668197849699,-2.9127782593070615,-2.9127782593070615,-2.9127782593070615,7.132668197849699,7.132668197849699,7.132668197849699,-10.04544645715676,-10.04544645715676,-10.04544645715676,0.0,0.0,0.0,130.27556739790424
2015-06-01,133.14761025927064,-8.021991848198143,426.7257596962934,133.14761025927064,133.14761025927064,7.132668197849699,7.132668197849699,7.132668197849699,71.15214839483794,71.15214839483794,71.15214839483794,7.132668197849699,7.132668197849699,7.132668197849699,64.01948019698824,64.01948019698824,64.01948019698824,0.0,0.0,0.0,204.2997586541086
2016-04-01,132.94393326956725,50.19542566624848,485.3523398106857,132.94393326956725,132.94393326956725,7.132668197849699,7.132668197849699,7.132668197849699,135.52018963125525,135.52018963125525,135.52018963125525,7.132668197849699,7.132668197849699,7.132668197849699,128.38752143340554,128.38752143340554,128.38752143340554,0.0,0.0,0.0,268.46412290082253
2016-07-01,132.88316406936067,-70.71640200958005,372.7219502318614,132.88316406936067,132.88316406936067,7.132668197849699,7.132668197849699,7.132668197849699,18.963588133390175,18.963588133390175,18.963588133390175,7.132668197849699,7.132668197849699,7.132668197849699,11.830919935540475,11.830919935540475,11.830919935540475,0.0,0.0,0.0,151.84675220275085
2016-08-01,132.8624624710085,-124.91785944623793,302.29628337767525,132.8624624710085,132.8624624710085,7.132668197849699,7.132668197849699,7.132668197849699,-45.818288983644415,-45.818288983644415,-45.818288983644415,7.132668197849699,7.132668197849699,7.132668197849699,-52.95095718149411,-52.95095718149411,-52.95095718149411,0.0,0.0,0.0,87.0441734873641
2016-10-01,132.82172706779946,-74.85416306718928,377.37861446978,132.82172706779946,132.82172706779946,7.132668197849699,7.132668197849699,7.132668197849699,7.696235945259167,7.696235945259167,7.696235945259167,7.132668197849699,7.132668197849699,7.132668197849699,0.563567747409467,0.563567747409467,0.563567747409467,0.0,0.0,0.0,140.51796301305862
2016-12-01,132.7809916645904,-140.77817728974986,314.76689394697337,132.7809916645904,132.7809916645904,7.132668197849699,7.132668197849699,7.132668197849699,-41.887763686399836,-41.887763686399836,-41.887763686399836,7.132668197849699,7.132668197849699,7.132668197849699,-49.02043188424953,-49.02043188424953,-49.02043188424953,0.0,0.0,0.0,90.89322797819057
2017-09-01,132.59801622292574,135.50878708192414,591.0342656994114,132.59801622292574,132.59801622292574,7.132668197849699,7.132668197849699,7.132668197849699,226.11040320143297,226.11040320143297,226.11040320143297,7.132668197849699,7.132668197849699,7.132668197849699,218.97773500358326,218.97773500358326,218.97773500358326,0.0,0.0,0.0,358.7084194243587
2017-10-01,132.5779824154442,-75.5244351144533,346.5740598355356,132.5779824154442,132.5779824154442,7.132668197849699,7.132668197849699,7.132668197849699,-1.367306912625998,-1.367306912625998,-1.367306912625998,7.132668197849699,7.132668197849699,7.132668197849699,-8.499975110475697,-8.499975110475697,-8.499975110475697,0.0,0.0,0.0,131.21067550281822
2017-11-01,132.55728081437994,28.099876635202026,472.0471793725355,132.55728081437994,132.55728081437994,7.132668197849699,7.132668197849699,7.132668197849699,118.95589766055163,118.95589766055163,118.95589766055163,7.132668197849699,7.132668197849699,7.132668197849699,111.82322946270193,111.82322946270193,111.82322946270193,0.0,0.0,0.0,251.51317847493158
2018-05-01,132.4366933197547,-69.70552238282761,380.63323981038315,132.4366933197547,132.4366933197547,7.132668197849699,7.132668197849699,7.132668197849699,14.703288478868952,14.703288478868952,14.703288478868952,7.132668197849699,7.132668197849699,7.132668197849699,7.570620281019253,7.570620281019253,7.570620281019253,0.0,0.0,0.0,147.13998179862367
2018-07-01,132.39605333537827,-110.84714200990321,328.0856459216122,132.39605333537827,132.39605333537827,7.132668197849699,7.132668197849699,7.132668197849699,-23.81893910622054,-23.81893910622054,-23.81893910622054,7.132668197849699,7.132668197849699,7.132668197849699,-30.951607304070244,-30.951607304070244,-30.951607304070244,0.0,0.0,0.0,108.57711422915773
2018-08-01,132.375400228564,85.37508687551333,531.3044988233967,132.375400228564,132.375400228564,7.132668197849699,7.132668197849699,7.132668197849699,180.58170041526492,180.58170041526492,180.58170041526492,7.132668197849699,7.132668197849699,7.132668197849699,173.4490322174152,173.4490322174152,173.4490322174152,0.0,0.0,0.0,312.9571006438289
2018-09-01,132.35474711179714,-37.58823445713203,398.53418569397286,132.35474711179714,132.35474711179714,7.132668197849699,7.132668197849699,7.132668197849699,48.456424142228514,48.456424142228514,48.456424142228514,7.132668197849699,7.132668197849699,7.132668197849699,41.32375594437882,41.32375594437882,41.32375594437882,0.0,0.0,0.0,180.81117125402565
2018-10-01,132.3347602246034,-81.82492143154658,344.6517466446906,132.3347602246034,132.3347602246034,7.132668197849699,7.132668197849699,7.132668197849699,-6.953887474023482,-6.953887474023482,-6.953887474023482,7.132668197849699,7.132668197849699,7.132668197849699,-14.086555671873182,-14.086555671873182,-14.086555671873182,0.0,0.0,0.0,125.38087275057993
2018-11-01,132.31410710783652,91.50144260207944,523.9721474613102,132.31410710783652,132.31410710783652,7.132668197849699,7.132668197849699,7.132668197849699,185.0271740450809,185.0271740450809,185.0271740450809,7.132668197849699,7.132668197849699,7.132668197849699,177.8945058472312,177.8945058472312,177.8945058472312,0.0,0.0,0.0,317.3412811529174
2018-12-01,132.29412023035738,34.211185713115505,468.58880241540254,132.29412023035738,132.29412023035738,7.132668197849699,7.132668197849699,7.132668197849699,128.61999790909698,128.61999790909698,128.61999790909698,7.132668197849699,7.132668197849699,7.132668197849699,121.48732971124727,121.48732971124727,121.48732971124727,0.0,0.0,0.0,260.91411813945433
2019-02-01,132.25281401690046,-15.555265457931222,424.89414886174313,132.25281401690046,132.25281401690046,7.132668197849699,7.132668197849699,7.132668197849699,69.26813749167322,69.26813749167322,69.26813749167322,7.132668197849699,7.132668197849699,7.132668197849699,62.135469293823526,62.135469293823526,62.135469293823526,0.0,0.0,0.0,201.52095150857366
2019-04-01,132.21350649119142,-83.27178701416607,344.95288043352446,132.21350649119142,132.21350649119142,7.132668197849699,7.132668197849699,7.132668197849699,-2.912778259261178,-2.912778259261178,-2.912778259261178,7.132668197849699,7.132668197849699,7.132668197849699,-10.045446457110877,-10.045446457110877,-10.045446457110877,0.0,0.0,0.0,129.30072823193024
2019-06-01,132.1728665264016,-17.06956223538788,422.89046956996833,132.1728665264016,132.1728665264016,7.132668197849699,7.132668197849699,7.132668197849699,71.15214839488536,71.15214839488536,71.15214839488536,7.132668197849699,7.132668197849699,7.132668197849699,64.01948019703566,64.01948019703566,64.01948019703566,0.0,0.0,0.0,203.32501492128696
2019-07-01,132.1528796584722,-113.85240469991729,297.12252450557526,132.1528796584722,132.1528796584722,7.132668197849699,7.132668197849699,7.132668197849699,-44.855541979799995,-44.855541979799995,-44.855541979799995,7.132668197849699,7.132668197849699,7.132668197849699,-51.98821017764969,-51.98821017764969,-51.98821017764969,0.0,0.0,0.0,87.29733767867219
2019-09-01,132.11157349108575,-202.96524961030258,224.71205940089558,132.11157349108575,132.11157349108575,7.132668197849699,7.132668197849699,7.132668197849699,-130.5175376817102,-130.5175376817102,-130.5175376817102,7.132668197849699,7.132668197849699,7.132668197849699,-137.6502058795599,-137.6502058795599,-137.6502058795599,0.0,0.0,0.0,1.594035809375555
2019-10-01,132.09158663589878,-92.97469319097947,343.4938222864365,132.09158663589878,132.09158663589878,7.132668197849699,7.132668197849699,7.132668197849699,-9.031109100591257,-9.031109100591257,-9.031109100591257,7.132668197849699,7.132668197849699,7.132668197849699,-16.16377729844096,-16.16377729844096,-16.16377729844096,0.0,0.0,0.0,123.06047753530753
2019-11-01,132.07093355220556,172.5813054529235,589.3235570524807,132.07093355220556,132.07093355220556,7.132668197849699,7.132668197849699,7.132668197849699,252.8792783217705,252.8792783217705,252.8792783217705,7.132668197849699,7.132668197849699,7.132668197849699,245.7466101239208,245.7466101239208,245.7466101239208,0.0,0.0,0.0,384.95021187397606
2019-12-01,132.050946706716,131.71519965996126,566.7849851482409,132.050946706716,132.050946706716,7.132668197849699,7.132668197849699,7.132668197849699,211.304526237409,211.304526237409,211.304526237409,7.132668197849699,7.132668197849699,7.132668197849699,204.17185803955928,204.17185803955928,204.17185803955928,0.0,0.0,0.0,343.355472944125
2020-02-01,132.0096405593709,-60.42243753141554,379.9618200672305,132.0096405593709,132.0096405593709,7.132668197849699,7.132668197849699,7.132668197849699,14.606218243366854,14.606218243366854,14.606218243366854,7.132668197849699,7.132668197849699,7.132668197849699,7.473550045517153,7.473550045517153,7.473550045517153,0.0,0.0,0.0,146.61585880273776
2020-04-01,131.96966686839176,54.2315960854997,486.5139003890074,131.96966686839176,131.96966686839176,7.132668197849699,7.132668197849699,7.132668197849699,135.52018963162476,135.52018963162476,135.52018963162476,7.132668197849699,7.132668197849699,7.132668197849699,128.38752143377505,128.38752143377505,128.38752143377505,0.0,0.0,0.0,267.4898565000165
2020-06-01,131.92902697828106,-73.09478795631107,342.59164491679115,131.92902697828106,131.92902697828106,7.132668197849699,7.132668197849699,7.132668197849699,13.645671760902335,13.645671760902335,13.645671760902335,7.132668197849699,7.132668197849699,7.132668197849699,6.513003563052634,6.513003563052634,6.513003563052634,0.0,0.0,0.0,145.5746987391834
2020-08-01,131.88838708817033,-133.18032579404624,306.22763808434286,131.88838708817033,131.88838708817033,7.132668197849699,7.132668197849699,7.132668197849699,-45.81828898321731,-45.81828898321731,-45.81828898321731,7.132668197849699,7.132668197849699,7.132668197849699,-52.95095718106701,-52.95095718106701,-52.95095718106701,0.0,0.0,0.0,86.07009810495302
2020-10-01,131.84774719805964,-76.17461315675904,357.2871889082346,131.84774719805964,131.84774719805964,7.132668197849699,7.132668197849699,7.132668197849699,7.6962359449927735,7.6962359449927735,7.6962359449927735,7.132668197849699,7.132668197849699,7.132668197849699,0.5635677471430752,0.5635677471430752,0.5635677471430752,0.0,0.0,0.0,139.5439831430524
2020-11-01,131.82709412929145,-44.04415035267713,394.62632100707816,131.82709412929145,131.82709412929145,7.132668197849699,7.132668197849699,7.132668197849699,54.7633284193604,54.7633284193604,54.7633284193604,7.132668197849699,7.132668197849699,7.132668197849699,47.630660221510695,47.630660221510695,47.630660221510695,0.0,0.0,0.0,186.59042254865184
2020-12-01,131.80710728854805,-129.4088836431037,303.53633065444694,131.80710728854805,131.80710728854805,7.132668197849699,7.132668197849699,7.132668197849699,-41.887763685954866,-41.887763685954866,-41.887763685954866,7.132668197849699,7.132668197849699,7.132668197849699,-49.02043188380456,-49.02043188380456,-49.02043188380456,0.0,0.0,0.0,89.91934360259319
2021-01-01,131.78645421977987,-59.83676840577045,353.12744122337415,131.78645421977987,131.78645421977987,1.6082526541164424,1.6082526541164424,1.6082526541164424,19.96153876436291,19.96153876436291,19.96153876436291,1.6082526541164424,1.6082526541164424,1.6082526541164424,18.35328611024647,18.35328611024647,18.35328611024647,0.0,0.0,0.0,151.74799298414277
2021-03-01,131.74714678838427,36.34343632442205,479.1845167042212,131.74714678838427,131.74714678838427,1.6082526541164424,1.6082526541164424,1.6082526541164424,139.86416634102355,139.86416634102355,139.86416634102355,1.6082526541164424,1.6082526541164424,1.6082526541164424,138.25591368690712,138.25591368690712,138.25591368690712,0.0,0.0,0.0,271.6113131294078
2021-04-01,131.7264937312103,12.461676971091258,429.1704797889269,131.7264937312103,131.7264937312103,1.6082526541164424,1.6082526541164424,1.6082526541164424,83.1980747857733,83.1980747857733,83.1980747857733,1.6082526541164424,1.6082526541164424,1.6082526541164424,81.58982213165685,81.58982213165685,81.58982213165685,0.0,0.0,0.0,214.92456851698358
2021-07-01,131.66586701498989,-84.35382004813013,336.47918152801367,131.66586701498989,131.66586701498989,1.6082526541164424,1.6082526541164424,1.6082526541164424,-8.07369531663621,-8.07369531663621,-8.07369531663621,1.6082526541164424,1.6082526541164424,1.6082526541164424,-9.68194797075265,-9.68194797075265,-9.68194797075265,0.0,0.0,0.0,123.59217169835368
2021-08-01,131.64521396104786,3.4164005746155164,408.3689028265316,131.64521396104786,131.64521396104786,1.6082526541164424,1.6082526541164424,1.6082526541164424,63.064712549779436,63.064712549779436,63.064712549779436,1.6082526541164424,1.6082526541164424,1.6082526541164424,61.45645989566299,61.45645989566299,61.45645989566299,0.0,0.0,0.0,194.7099265108273
2021-09-01,131.62456090710583,136.01027466165644,574.2516185202767,131.62456090710583,131.62456090710583,1.6082526541164424,1.6082526541164424,1.6082526541164424,220.58598765672747,220.58598765672747,220.58598765672747,1.6082526541164424,1.6082526541164424,1.6082526541164424,218.977735002611,218.977735002611,218.977735002611,0.0,0.0,0.0,352.2105485638333
2021-10-01,131.60457408071034,-84.67922245786706,346.67692981929656,131.60457408071034,131.60457408071034,1.6082526541164424,1.6082526541164424,1.6082526541164424,-6.891722455898145,-6.891722455898145,-6.891722455898145,1.6082526541164424,1.6082526541164424,1.6082526541164424,-8.499975110014587,-8.499975110014587,-8.499975110014587,0.0,0.0,0.0,124.71285162481219
2021-11-01,131.5839210225618,23.38203690227321,453.4887221112494,131.5839210225618,131.5839210225618,1.6082526541164424,1.6082526541164424,1.6082526541164424,113.43148211762983,113.43148211762983,113.43148211762983,1.6082526541164424,1.6082526541164424,1.6082526541164424,111.82322946351339,111.82322946351339,111.82322946351339,0.0,0.0,0.0,245.01540314019164
2021-12-01,131.5639341920955,-48.7866508874598,404.266192509552,131.5639341920955,131.5639341920955,1.6082526541164424,1.6082526541164424,1.6082526541164424,38.6623665561816,38.6623665561816,38.6623665561816,1.6082526541164424,1.6082526541164424,1.6082526541164424,37.05411390206516,37.05411390206516,37.05411390206516,0.0,0.0,0.0,170.2263007482771
2022-01-01,131.54328113394698,-108.74256581428772,325.5118210037507,131.54328113394698,131.54328113394698,1.6082526541164424,1.6082526541164424,1.6082526541164424,-21.334285536739184,-21.334285536739184,-21.334285536739184,1.6082526541164424,1.6082526541164424,1.6082526541164424,-22.942538190855625,-22.942538190855625,-22.942538190855625,0.0,0.0,0.0,110.20899559720779
2022-02-01,131.52262806924952,33.19254161103536,475.16932205483965,131.52262806924952,131.52262806924952,1.6082526541164424,1.6082526541164424,1.6082526541164424,118.5644295642633,118.5644295642633,118.5644295642633,1.6082526541164424,1.6082526541164424,1.6082526541164424,116.95617691014685,116.95617691014685,116.95617691014685,0.0,0.0,0.0,250.0870576335128
2022-04-01,131.48332062353504,-64.60214860566397,380.49570311277387,131.48332062353504,131.48332062353504,1.6082526541164424,1.6082526541164424,1.6082526541164424,37.041569405838494,37.041569405838494,37.041569405838494,1.6082526541164424,1.6082526541164424,1.6082526541164424,35.43331675172205,35.43331675172205,35.43331675172205,0.0,0.0,0.0,168.52489002937352
2022-05-01,131.46333377728578,-78.62589607535162,356.76609398317714,131.46333377728578,131.46333377728578,1.6082526541164424,1.6082526541164424,1.6082526541164424,9.178872933757727,9.178872933757727,9.178872933757727,1.6082526541164424,1.6082526541164424,1.6082526541164424,7.570620279641285,7.570620279641285,7.570620279641285,0.0,0.0,0.0,140.6422067110435
2022-06-01,131.44268070282826,-33.02272146806343,391.5676600209172,131.44268070282826,131.44268070282826,1.6082526541164424,1.6082526541164424,1.6082526541164424,47.00370417319059,47.00370417319059,47.00370417319059,1.6082526541164424,1.6082526541164424,1.6082526541164424,45.39545151907415,45.39545151907415,45.39545151907415,0.0,0.0,0.0,178.44638487601884
2022-08-01,131.4020407821215,74.98216608407385,522.0096166765503,131.4020407821215,131.4020407821215,1.6082526541164424,1.6082526541164424,1.6082526541164424,175.05728487080438,175.05728487080438,175.05728487080438,1.6082526541164424,1.6082526541164424,1.6082526541164424,173.44903221668795,173.44903221668795,173.44903221668795,0.0,0.0,0.0,306.4593256529259
2022-10-01,131.3614008946758,-95.00638098927519,334.15968068478753,131.3614008946758,131.3614008946758,1.6082526541164424,1.6082526541164424,1.6082526541164424,-12.478303017659018,-12.478303017659018,-12.478303017659018,1.6082526541164424,1.6082526541164424,1.6082526541164424,-14.086555671775459,-14.086555671775459,-14.086555671775459,0.0,0.0,0.0,118.88309787701678
2022-12-01,131.32076100723012,43.140800815037316,485.58468590437053,131.32076100723012,131.32076100723012,1.6082526541164424,1.6082526541164424,1.6082526541164424,123.09558236509265,123.09558236509265,123.09558236509265,1.6082526541164424,1.6082526541164424,1.6082526541164424,121.48732971097621,121.48732971097621,121.48732971097621,0.0,0.0,0.0,254.41634337232279
2023-02-01,131.2794548921214,-33.969052384398545,406.06173116165024,131.2794548921214,131.2794548921214,1.6082526541164424,1.6082526541164424,1.6082526541164424,63.74372194662937,63.74372194662937,63.74372194662937,1.6082526541164424,1.6082526541164424,1.6082526541164424,62.13546929251292,62.13546929251292,62.13546929251292,0.0,0.0,0.0,195.02317683875077
2023-05-01,131.22016067611233,-35.435886263947424,385.0718695345464,131.22016067611233,131.22016067611233,1.6082526541164424,1.6082526541164424,1.6082526541164424,56.11807629019401,56.11807629019401,56.11807629019401,1.6082526541164424,1.6082526541164424,1.6082526541164424,54.50982363607756,54.50982363607756,54.50982363607756,0.0,0.0,0.0,187.33823696630634
2023-06-01,131.19950763458107,-37.145930568270735,420.73332934570743,131.19950763458107,131.19950763458107,1.6082526541164424,1.6082526541164424,1.6082526541164424,65.6277328513257,65.6277328513257,65.6277328513257,1.6082526541164424,1.6082526541164424,1.6082526541164424,64.01948019720925,64.01948019720925,64.01948019720925,0.0,0.0,0.0,196.82724048590677
2023-09-01,131.1382147371335,-220.48869475775177,206.2277198745609,131.1382147371335,131.1382147371335,1.6082526541164424,1.6082526541164424,1.6082526541164424,-136.04195322458747,-136.04195322458747,-136.04195322458747,1.6082526541164424,1.6082526541164424,1.6082526541164424,-137.6502058787039,-137.6502058787039,-137.6502058787039,0.0,0.0,0.0,-4.903738487453978
2023-10-01,131.11822791504338,-97.61899646715501,321.70277549214404,131.11822791504338,131.11822791504338,1.6082526541164424,1.6082526541164424,1.6082526541164424,-14.555524643771204,-14.555524643771204,-14.555524643771204,1.6082526541164424,1.6082526541164424,1.6082526541164424,-16.163777297887645,-16.163777297887645,-16.163777297887645,0.0,0.0,0.0,116.56270327127217
2023-11-01,131.09757486555026,154.07696563736616,619.6644180041117,131.09757486555026,131.09757486555026,1.6082526541164424,1.6082526541164424,1.6082526541164424,247.35486277761186,247.35486277761186,247.35486277761186,1.6082526541164424,1.6082526541164424,1.6082526541164424,245.7466101234954,245.7466101234954,245.7466101234954,0.0,0.0,0.0,378.4524376431621
2023-12-01,131.07758804346014,113.70349562358733,564.7803111970376,131.07758804346014,131.07758804346014,1.6082526541164424,1.6082526541164424,1.6082526541164424,205.78011069301752,205.78011069301752,205.78011069301752,1.6082526541164424,1.6082526541164424,1.6082526541164424,204.1718580389011,204.1718580389011,204.1718580389011,0.0,0.0,0.0,336.8576987364777
2024-02-01,131.03628192701433,-95.09882058411873,361.7118913809941,131.03628192701433,131.03628192701433,0.05168065145511447,0.05168065145511447,0.05168065145511447,7.525230696864337,7.525230696864337,7.525230696864337,0.05168065145511447,0.05168065145511447,0.05168065145511447,7.4735500454092225,7.4735500454092225,7.4735500454092225,0.0,0.0,0.0,138.56151262387866
2024-03-01,131.01696132416066,26.495620869328015,466.1200343680338,131.01696132416066,131.01696132416066,0.05168065145511447,0.05168065145511447,0.05168065145511447,108.93345342372233,108.93345342372233,108.93345342372233,0.05168065145511447,0.05168065145511447,0.05168065145511447,108.88177277226721,108.88177277226721,108.88177277226721,0.0,0.0,0.0,239.95041474788297
2024-04-01,130.99630826593778,47.98128708834724,485.8490869282674,130.99630826593778,130.99630826593778,0.05168065145511447,0.05168065145511447,0.05168065145511447,128.43920208483087,128.43920208483087,128.43920208483087,0.05168065145511447,0.05168065145511447,0.05168065145511447,128.38752143337575,128.38752143337575,128.38752143337575,0.0,0.0,0.0,259.43551035076865
2024-06-01,130.9556683771766,-67.24786071139923,364.5127407578693,130.9556683771766,130.9556683771766,0.05168065145511447,0.05168065145511447,0.05168065145511447,6.5646842144269595,6.5646842144269595,6.5646842144269595,0.05168065145511447,0.05168065145511447,0.05168065145511447,6.513003562971845,6.513003562971845,6.513003562971845,0.0,0.0,0.0,137.52035259160357
2024-08-01,130.91502848841543,-146.37570182994486,290.1952239529625,130.91502848841543,130.91502848841543,0.05168065145511447,0.05168065145511447,0.05168065145511447,-52.8992765302244,-52.8992765302244,-52.8992765302244,0.05168065145511447,0.05168065145511447,0.05168065145511447,-52.95095718167951,-52.95095718167951,-52.95095718167951,0.0,0.0,0.0,78.01575195819103
2024-09-01,130.89437543019253,322.2350815980839,755.4230643693368,130.89437543019253,130.89437543019253,0.05168065145511447,0.05168065145511447,0.05168065145511447,395.1784418354125,395.1784418354125,395.1784418354125,0.05168065145511447,0.05168065145511447,0.05168065145511447,395.12676118395746,395.12676118395746,395.12676118395746,0.0,0.0,0.0,526.0728172656051
2024-11-01,130.85373554143138,-56.84782076889702,389.53838606142074,130.85373554143138,130.85373554143138,0.05168065145511447,0.05168065145511447,0.05168065145511447,47.682340872664746,47.682340872664746,47.682340872664746,0.05168065145511447,0.05168065145511447,0.05168065145511447,47.63066022120963,47.63066022120963,47.63066022120963,0.0,0.0,0.0,178.53607641409613
2024-12-01,130.83374871089308,-123.82767079227888,304.38860349382014,130.83374871089308,130.83374871089308,0.05168065145511447,0.05168065145511447,0.05168065145511447,-48.968751232907344,-48.968751232907344,-48.968751232907344,0.05168065145511447,0.05168065145511447,0.05168065145511447,-49.02043188436246,-49.02043188436246,-49.02043188436246,0.0,0.0,0.0,81.86499747798572
2025-02-01,130.7924425944473,46.08071809174827,486.0384164718121,130.7924425944473,130.7924425944473,-35.31929550955189,-35.31929550955189,-35.31929550955189,136.54502828657434,136.54502828657434,136.54502828657434,-35.31929550955189,-35.31929550955189,-35.31929550955189,171.86432379612626,171.86432379612626,171.86432379612626,0.0,0.0,0.0,267.33747088102166
2025-03-01,130.77378821927823,21.81929895604181,466.40294725093577,130.77378821927823,130.77378821927823,-35.31929550955189,-35.31929550955189,-35.31929550955189,102.93661817712614,102.93661817712614,102.93661817712614,-35.31929550955189,-35.31929550955189,-35.31929550955189,138.255913686678,138.255913686678,138.255913686678,0.0,0.0,0.0,233.71040639640438
2025-04-01,130.75313516105533,-28.198592684385265,382.0647699123475,130.75313516105533,130.75313516105533,-35.31929550955189,-35.31929550955189,-35.31929550955189,46.2705266216603,46.2705266216603,46.2705266216603,-35.31929550955189,-35.31929550955189,-35.31929550955189,81.58982213121219,81.58982213121219,81.58982213121219,0.0,0.0,0.0,177.02366178271564
2025-05-01,130.73314833051705,-136.51446763143096,263.22955903446297,130.73314833051705,130.73314833051705,-35.31929550955189,-35.31929550955189,-35.31929550955189,-73.79078134199291,-73.79078134199291,-73.79078134199291,-35.31929550955189,-35.31929550955189,-35.31929550955189,-38.471485832441026,-38.471485832441026,-38.471485832441026,0.0,0.0,0.0,56.94236698852414
2025-06-01,130.71249527229415,-92.23042490090444,332.86788267612724,130.71249527229415,130.71249527229415,-35.31929550955189,-35.31929550955189,-35.31929550955189,-9.104435893690699,-9.104435893690699,-9.104435893690699,-35.31929550955189,-35.31929550955189,-35.31929550955189,26.214859615861194,26.214859615861194,26.214859615861194,0.0,0.0,0.0,121.60805937860346
2025-08-01,130.67185538353297,-68.50189209049104,384.2183723473454,130.67185538353297,130.67185538353297,-35.31929550955189,-35.31929550955189,-35.31929550955189,26.13716438560943,26.13716438560943,26.13716438560943,-35.31929550955189,-35.31929550955189,-35.31929550955189,61.45645989516132,61.45645989516132,61.45645989516132,0.0,0.0,0.0,156.8090197691424
2025-09-01,130.65120232531007,99.63835983496242,552.8776038552822,130.65120232531007,130.65120232531007,-35.31929550955189,-35.31929550955189,-35.31929550955189,183.65843949376648,183.65843949376648,183.65843949376648,-35.31929550955189,-35.31929550955189,-35.31929550955189,218.9777350033184,218.9777350033184,218.9777350033184,0.0,0.0,0.0,314.30964181907655
2025-10-01,130.63121549477182,-131.10748384334366,301.66605946159706,130.63121549477182,130.63121549477182,-35.31929550955189,-35.31929550955189,-35.31929550955189,-43.81927062010329,-43.81927062010329,-43.81927062010329,-35.31929550955189,-35.31929550955189,-35.31929550955189,-8.499975110551393,-8.499975110551393,-8.499975110551393,0.0,0.0,0.0,86.81194487466854
2025-11-01,130.61056243654892,-17.068182837770717,430.3565692488491,130.61056243654892,130.61056243654892,-35.31929550955189,-35.31929550955189,-35.31929550955189,76.50393395304812,76.50393395304812,76.50393395304812,-35.31929550955189,-35.31929550955189,-35.31929550955189,111.82322946260001,111.82322946260001,111.82322946260001,0.0,0.0,0.0,207.11449638959704
2025-12-01,130.59057560601062,-97.49291320971592,342.37755900131975,130.59057560601062,130.59057560601062,-35.31929550955189,-35.31929550955189,-35.31929550955189,1.7348183923114957,1.7348183923114957,1.7348183923114957,-35.31929550955189,-35.31929550955189,-35.31929550955189,37.05411390186339,37.05411390186339,37.05411390186339,0.0,0.0,0.0,132.3253939983221
2026-01-01,130.56992254778774,-141.28198404754053,282.9854397691471,130.56992254778774,130.56992254778774,-35.31929550955189,-35.31929550955189,-35.31929550955189,-58.26183369951675,-58.26183369951675,-58.26183369951675,-35.31929550955189,-35.31929550955189,-35.31929550955189,-22.94253818996486,-22.94253818996486,-22.94253818996486,0.0,0.0,0.0,72.30808884827098
2026-01-31,130.54993571724944,-211.26958117010793,204.822965497765,130.54993571724944,130.54993571724944,-35.31929550955189,-35.31929550955189,-35.31929550955189,-136.4070858594989,-136.4070858594989,-136.4070858594989,-35.31929550955189,-35.31929550955189,-35.31929550955189,-101.087790349947,-101.087790349947,-101.087790349947,0.0,0.0,0.0,-5.857150142249452
2026-02-28,130.53128134208038,165.0049768526334,595.9454886894231,130.53128120413052,130.53128196851713,-35.31929550955189,-35.31929550955189,-35.31929550955189,255.25017655320522,255.25017655320522,255.25017655320522,-35.31929550955189,-35.31929550955189,-35.31929550955189,290.5694720627571,290.5694720627571,290.5694720627571,0.0,0.0,0.0,385.7814578952856
2026-03-31,130.51062828385747,-279.43958725655443,146.17106517220924,130.51062715667683,130.51063065518494,-35.31929550955189,-35.31929550955189,-35.31929550955189,-177.39171409675785,-177.39171409675785,-177.39171409675785,-35.31929550955189,-35.31929550955189,-35.31929550955189,-142.07241858720596,-142.07241858720596,-142.07241858720596,0.0,0.0,0.0,-46.88108581290038
2026-04-30,130.49064145331923,73.73892183904852,497.912581403933,130.49063898974148,130.49064588078178,-35.31929550955189,-35.31929550955189,-35.31929550955189,164.85945457889588,164.85945457889588,164.85945457889588,-35.31929550955189,-35.31929550955189,-35.31929550955189,200.1787500884478,200.1787500884478,200.1787500884478,0.0,0.0,0.0,295.3500960322151
2026-05-31,130.46998839509632,-10.860660681935585,429.95017403314796,130.4699840021095,130.46999503393096,-35.31929550955189,-35.31929550955189,-35.31929550955189,80.8911962191535,80.8911962191535,80.8911962191535,-35.31929550955189,-35.31929550955189,-35.31929550955189,116.21049172870539,116.21049172870539,116.21049172870539,0.0,0.0,0.0,211.36118461424982
2026-06-30,130.45000156455805,-237.43997059133167,191.83730338270954,130.449995471731,130.45001078541222,-35.31929550955189,-35.31929550955189,-35.31929550955189,-149.11466086528796,-149.11466086528796,-149.11466086528796,-35.31929550955189,-35.31929550955189,-35.31929550955189,-113.79536535573605,-113.79536535573605,-113.79536535573605,0.0,0.0,0.0,-18.66465930072991
2026-07-31,130.42934850633515,468.21168768479833,902.986306979384,130.4293398458713,130.42936001783866,-35.31929550955189,-35.31929550955189,-35.31929550955189,560.5805807223073,560.5805807223073,560.5805807223073,-35.31929550955189,-35.31929550955189,-35.31929550955189,595.8998762318593,595.8998762318593,595.8998762318593,0.0,0.0,0.0,691.0099292286425
2026-08-31,130.40869544811227,-801.7095326679319,-377.2970895993803,130.40868372264427,130.4087095942782,-35.31929550955189,-35.31929550955189,-35.31929550955189,-715.9338510953459,-715.9338510953459,-715.9338510953459,-35.31929550955189,-35.31929550955189,-35.31929550955189,-680.6145555857939,-680.6145555857939,-680.6145555857939,0.0,0.0,0.0,-585.5251556472335
2026-09-30,130.38870861757397,-126.01859334856366,313.6497421666565,130.38869384182573,130.38872572273365,-35.31929550955189,-35.31929550955189,-35.31929550955189,-36.425773813836926,-36.425773813836926,-36.425773813836926,-35.31929550955189,-35.31929550955189,-35.31929550955189,-1.1064783042850361,-1.1064783042850361,-1.1064783042850361,0.0,0.0,0.0,93.96293480373704
2026-10-31,130.36805555935106,334.8531295992858,773.5141135358739,130.36803692622468,130.36807587190472,-35.31929550955189,-35.31929550955189,-35.31929550955189,423.63938266910276,423.63938266910276,423.63938266910276,-35.31929550955189,-35.31929550955189,-35.31929550955189,458.9586781786546,458.9586781786546,458.9586781786546,0.0,0.0,0.0,554.0074382284538
2026-11-30,130.3480687288128,318.04401548675787,754.0842662534079,130.3480466268435,130.348092104907,-35.31929550955189,-35.31929550955189,-35.31929550955189,405.3866548962244,405.3866548962244,405.3866548962244,-35.31929550955189,-35.31929550955189,-35.31929550955189,440.70595040577626,440.70595040577626,440.70595040577626,0.0,0.0,0.0,535.7347236250372
2026-12-31,130.3274156705899,-402.60866651804423,54.93116518789151,130.32738941352326,130.32744378681502,-35.31929550955189,-35.31929550955189,-35.31929550955189,-298.4322739192563,-298.4322739192563,-298.4322739192563,-35.31929550955189,-35.31929550955189,-35.31929550955189,-263.1129784097044,-263.1129784097044,-263.1129784097044,0.0,0.0,0.0,-168.10485824866643
2027-01-31,130.306762612367,-288.652629507542,153.78169556159457,130.3067317942999,130.30679522203866,-35.31929550955189,-35.31929550955189,-35.31929550955189,-190.16342404602935,-190.16342404602935,-190.16342404602935,-35.31929550955189,-35.31929550955189,-35.31929550955189,-154.84412853647743,-154.84412853647743,-154.84412853647743,0.0,0.0,0.0,-59.85666143366234
2027-02-28,130.28810823719792,209.88979872689094,639.2090338327445,130.28807469891328,130.2881462259667,-35.31929550955189,-35.31929550955189,-35.31929550955189,286.7379903350923,286.7379903350923,286.7379903350923,-35.31929550955189,-35.31929550955189,-35.31929550955189,322.05728584464424,322.05728584464424,322.05728584464424,0.0,0.0,0.0,417.02609857229027
2027-03-31,130.26745517897504,-316.4003306764771,128.3028656527627,130.2674190225302,130.2674980223518,-35.31929550955189,-35.31929550955189,-35.31929550955189,-219.82438507612974,-219.82438507612974,-219.82438507612974,-35.31929550955189,-35.31929550955189,-35.31929550955189,-184.50508956657782,-184.50508956657782,-184.50508956657782,0.0,0.0,0.0,-89.5569298971547
2027-04-30,130.24746834843677,131.26991396667302,566.7499012083988,130.24742814458767,130.2475152418651,-35.31929550955189,-35.31929550955189,-35.31929550955189,214.84853906086988,214.84853906086988,214.84853906086988,-35.31929550955189,-35.31929550955189,-35.31929550955189,250.16783457042177,250.16783457042177,250.16783457042177,0.0,0.0,0.0,345.09600740930665
2027-05-31,130.22681529021386,0.7686654499700494,447.84315339967446,130.22677111936468,130.2268695522259,-35.31929550955189,-35.31929550955189,-35.31929550955189,96.95154343818724,96.95154343818724,96.95154343818724,-35.31929550955189,-35.31929550955189,-35.31929550955189,132.27083894773912,132.27083894773912,132.27083894773912,0.0,0.0,0.0,227.17835872840112
2027-06-30,130.2068284596756,-256.60312501201173,185.19669494162383,130.20677983008798,130.20688794223102,-35.31929550955189,-35.31929550955189,-35.31929550955189,-169.312437804708,-169.312437804708,-169.312437804708,-35.31929550955189,-35.31929550955189,-35.31929550955189,-133.9931422951561,-133.9931422951561,-133.9931422951561,0.0,0.0,0.0,-39.105609345032406
2027-07-31,130.1861754014527,568.466699196164,1022.2008080407747,130.1861223408964,130.18624003155043,-35.31929550955189,-35.31929550955189,-35.31929550955189,659.5082928548883,659.5082928548883,659.5082928548883,-35.31929550955189,-35.31929550955189,-35.31929550955189,694.8275883644402,694.8275883644402,694.8275883644402,0.0,0.0,0.0,789.694468256341
2027-08-31,130.1655223432298,-993.5650060204646,-550.856147837909,130.16546427891993,130.16559203164817,-35.31929550955189,-35.31929550955189,-35.31929550955189,-898.3028687377433,-898.3028687377433,-898.3028687377433,-35.31929550955189,-35.31929550955189,-35.31929550955189,-862.9835732281914,-862.9835732281914,-862.9835732281914,0.0,0.0,0.0,-768.1373463945135
2027-09-30,130.1455355126915,-97.10244235549634,321.48711567341894,130.14546901781085,130.14561022757806,-35.31929550955189,-35.31929550955189,-35.31929550955189,-24.263571635147624,-24.263571635147624,-24.263571635147624,-35.31929550955189,-35.31929550955189,-35.31929550955189,11.055723874404267,11.055723874404267,11.055723874404267,0.0,0.0,0.0,105.88196387754388
2027-10-31,130.12488245446863,402.0258203639508,855.8140865385113,130.12481059325904,130.1249628018119,-35.31929550955189,-35.31929550955189,-35.31929550955189,497.5700302911916,497.5700302911916,497.5700302911916,-35.31929550955189,-35.31929550955189,-35.31929550955189,532.8893258007434,532.8893258007434,532.8893258007434,0.0,0.0,0.0,627.6949127456602
2027-11-30,130.10489562393033,395.64624741371887,831.5421607151993,130.10481851312434,130.1049819527174,-35.31929550955189,-35.31929550955189,-35.31929550955189,480.0656439674217,480.0656439674217,480.0656439674217,-35.31929550955189,-35.31929550955189,-35.31929550955189,515.3849394769736,515.3849394769736,515.3849394769736,0.0,0.0,0.0,610.170539591352
2027-12-31,130.08424256570746,-465.3648068290911,-4.2564937772717935,130.08416121047236,130.08433562379045,-35.31929550955189,-35.31929550955189,-35.31929550955189,-352.8755545011253,-352.8755545011253,-352.8755545011253,-35.31929550955189,-35.31929550955189,-35.31929550955189,-317.5562589915734,-317.5562589915734,-317.5562589915734,0.0,0.0,0.0,-222.79131193541784
2028-01-31,130.06358950748455,-306.8282643852022,107.09361154804924,130.06350287165998,130.06368899650806,-35.31929550955189,-35.31929550955189,-35.31929550955189,-243.4750449991898,-243.4750449991898,-243.4750449991898,-35.31929550955189,-35.31929550955189,-35.31929550955189,-208.15574948963794,-208.15574948963794,-208.15574948963794,0.0,0.0,0.0,-113.41145549170525
2028-02-29,130.04426890463088,106.55028222885436,556.7555350913298,130.04417735182534,130.04437446360504,-35.31929550955189,-35.31929550955189,-35.31929550955189,193.2692327665252,193.2692327665252,193.2692327665252,-35.31929550955189,-35.31929550955189,-35.31929550955189,228.58852827607708,228.58852827607708,228.58852827607708,0.0,0.0,0.0,323.3135016711561
2028-03-31,130.023615846408,-200.6744602224432,259.27577090522874,130.02351833973816,130.02372754483835,-35.31929550955189,-35.31929550955189,-35.31929550955189,-90.13071045705793,-90.13071045705793,-90.13071045705793,-35.31929550955189,-35.31929550955189,-35.31929550955189,-54.81141494750604,-54.81141494750604,-54.81141494750604,0.0,0.0,0.0,39.89290538935008
2028-04-30,130.0036290158697,-22.498580669907152,406.34971891939614,130.00352580364702,130.00374621729563,-35.31929550955189,-35.31929550955189,-35.31929550955189,66.97445041541297,66.97445041541297,66.97445041541297,-35.31929550955189,-35.31929550955189,-35.31929550955189,102.29374592496487,102.29374592496487,102.29374592496487,0.0,0.0,0.0,196.97807943128268
2028-05-31,129.9829759576468,-53.62826215707396,371.2932141787344,129.98286800928832,129.9830980818492,-35.31929550955189,-35.31929550955189,-35.31929550955189,46.733075263109,46.733075263109,46.733075263109,-35.31929550955189,-35.31929550955189,-35.31929550955189,82.0523707726609,82.0523707726609,82.0523707726609,0.0,0.0,0.0,176.7160512207558
2028-06-30,129.96298912710853,-199.7585969397363,258.60544812151295,129.96287548788342,129.96311577309245,-35.31929550955189,-35.31929550955189,-35.31929550955189,-108.12083505838041,-108.12083505838041,-108.12083505838041,-35.31929550955189,-35.31929550955189,-35.31929550955189,-72.80153954882852,-72.80153954882852,-72.80153954882852,0.0,0.0,0.0,21.84215406872812
2028-07-31,129.94233606888562,261.2141410371497,707.3929754252098,129.94221612923545,129.9424691164165,-35.31929550955189,-35.31929550955189,-35.31929550955189,354.58757812838064,354.58757812838064,354.58757812838064,-35.31929550955189,-35.31929550955189,-35.31929550955189,389.90687363793256,389.90687363793256,389.90687363793256,0.0,0.0,0.0,484.5299141972663
2028-08-31,129.92168301066275,-446.99347219543745,-8.113280604118449,129.92155692102756,129.92182313395327,-35.31929550955189,-35.31929550955189,-35.31929550955189,-353.0765245954253,-353.0765245954253,-353.0765245954253,-35.31929550955189,-35.31929550955189,-35.31929550955189,-317.7572290858734,-317.7572290858734,-317.7572290858734,0.0,0.0,0.0,-223.15484158476258
2028-09-30,129.90169618012445,-141.85125352355345,290.3264800018721,129.90156633223953,129.90184339242182,-35.31929550955189,-35.31929550955189,-35.31929550955189,-50.02458898596799,-50.02458898596799,-50.02458898596799,-35.31929550955189,-35.31929550955189,-35.31929550955189,-14.70529347641609,-14.70529347641609,-14.70529347641609,0.0,0.0,0.0,79.87710719415645
2028-10-31,129.88104312190157,188.61112320026905,633.5517105105367,129.88090430994805,129.88119755053393,-35.31929550955189,-35.31929550955189,-35.31929550955189,279.9589359362559,279.9589359362559,279.9589359362559,-35.31929550955189,-35.31929550955189,-35.31929550955189,315.2782314458078,315.2782314458078,315.2782314458078,0.0,0.0,0.0,409.8399790581575
2028-11-30,129.8610562913633,157.50140516219346,590.6243047857733,129.86091068593737,129.86121998984763,-35.31929550955189,-35.31929550955189,-35.31929550955189,249.684058118094,249.684058118094,249.684058118094,-35.31929550955189,-35.31929550955189,-35.31929550955189,285.0033536276459,285.0033536276459,285.0033536276459,0.0,0.0,0.0,379.54511440945726
2028-12-31,129.8404032331404,-275.1374164600115,133.0846821045907,129.8402518822483,129.84057287350888,-35.31929550955189,-35.31929550955189,-35.31929550955189,-195.80180132961516,-195.80180132961516,-195.80180132961516,-35.31929550955189,-35.31929550955189,-35.31929550955189,-160.48250582006324,-160.48250582006324,-160.48250582006324,0.0,0.0,0.0,-65.96139809647477
2029-01-31,129.81975017491752,-166.79568013410935,270.37518057655683,129.8195903110892,129.81992773775835,-35.31929550955189,-35.31929550955189,-35.31929550955189,-82.2773565458114,-82.2773565458114,-82.2773565458114,-35.31929550955189,-35.31929550955189,-35.31929550955189,-46.95806103625951,-46.95806103625951,-46.95806103625951,0.0,0.0,0.0,47.542393629106115
2029-02-28,129.80109579974845,151.22942461969538,568.6202960162537,129.80093028154036,129.80127999485737,-35.31929550955189,-35.31929550955189,-35.31929550955189,224.09017893939162,224.09017893939162,224.09017893939162,-35.31929550955189,-35.31929550955189,-35.31929550955189,259.4094744489435,259.4094744489435,259.4094744489435,0.0,0.0,0.0,353.89127473914004
2029-03-31,129.78044274152555,-221.71415143582573,213.176200021731,129.78027061164926,129.78063328894712,-35.31929550955189,-35.31929550955189,-35.31929550955189,-134.1503583393816,-134.1503583393816,-134.1503583393816,-35.31929550955189,-35.31929550955189,-35.31929550955189,-98.8310628298297,-98.8310628298297,-98.8310628298297,0.0,0.0,0.0,-4.36991559785605
2029-04-30,129.76045591098725,40.040242218132875,453.66384493406485,129.76027751370253,129.76065416862082,-35.31929550955189,-35.31929550955189,-35.31929550955189,115.54920048325859,115.54920048325859,115.54920048325859,-35.31929550955189,-35.31929550955189,-35.31929550955189,150.8684959928104,150.8684959928104,150.8684959928104,0.0,0.0,0.0,245.30965639424585
2029-05-31,129.73980285276437,-14.702216728497945,407.82568422657965,129.73961651456028,129.74001028462783,-35.31929550955189,-35.31929550955189,-35.31929550955189,64.14104931432966,64.14104931432966,64.14104931432966,-35.31929550955189,-35.31929550955189,-35.31929550955189,99.4603448238816,99.4603448238816,99.4603448238816,0.0,0.0,0.0,193.88085216709402
2029-06-30,129.71981602222607,-231.6324700783037,220.2236746088621,129.71962210614961,129.7200330682213,-35.31929550955189,-35.31929550955189,-35.31929550955189,-128.72025460238268,-128.72025460238268,-128.72025460238268,-35.31929550955189,-35.31929550955189,-35.31929550955189,-93.40095909283076,-93.40095909283076,-93.40095909283076,0.0,0.0,0.0,0.9995614198433884
2029-07-31,129.6991629640032,362.2619933640768,795.2971632024925,129.6989626685492,129.69938940738334,-35.31929550955189,-35.31929550955189,-35.31929550955189,458.92216185912713,458.92216185912713,458.92216185912713,-35.31929550955189,-35.31929550955189,-35.31929550955189,494.241457368679,494.241457368679,494.241457368679,0.0,0.0,0.0,588.6213248231303
2029-08-31,129.6785099057803,-618.9160155397158,-189.50390440597764,129.67830427220895,129.67874615052608,-35.31929550955189,-35.31929550955189,-35.31929550955189,-534.1279924981459,-534.1279924981459,-534.1279924981459,-35.31929550955189,-35.31929550955189,-35.31929550955189,-498.8086969885941,-498.8086969885941,-498.8086969885941,0.0,0.0,0.0,-404.4494825923656
2029-09-30,129.658523075242,-138.7547291755091,297.077896217027,129.65831165106712,129.65876976947052,-35.31929550955189,-35.31929550955189,-35.31929550955189,-45.01017235377015,-45.01017235377015,-45.01017235377015,-35.31929550955189,-35.31929550955189,-35.31929550955189,-9.690876844218273,-9.690876844218273,-9.690876844218273,0.0,0.0,0.0,84.64835072147184
2029-10-31,129.6378700170191,254.03833307718065,716.0822087006796,129.63765299215558,129.63812326434933,-35.31929550955189,-35.31929550955189,-35.31929550955189,351.065506593062,351.065506593062,351.065506593062,-35.31929550955189,-35.31929550955189,-35.31929550955189,386.3848021026139,386.3848021026139,386.3848021026139,0.0,0.0,0.0,480.70337661008114
2029-11-30,129.61788318648084,241.0766087771518,685.9193395031704,129.6176604693613,129.61814362687386,-35.31929550955189,-35.31929550955189,-35.31929550955189,328.56135941604146,328.56135941604146,328.56135941604146,-35.31929550955189,-35.31929550955189,-35.31929550955189,363.8806549255933,363.8806549255933,363.8806549255933,0.0,0.0,0.0,458.1792426025223
2029-12-31,129.59723012825796,-327.77186515713845,97.85315714813584,129.59700180391948,129.59749956896766,-35.31929550955189,-35.31929550955189,-35.31929550955189,-246.0560220697344,-246.0560220697344,-246.0560220697344,-35.31929550955189,-35.31929550955189,-35.31929550955189,-210.73672656018255,-210.73672656018255,-210.73672656018255,0.0,0.0,0.0,-116.45879194147645
2030-01-31,129.57657707003503,-243.75351222494984,216.30119507218066,129.57634180430094,129.5768524204167,-35.31929550955189,-35.31929550955189,-35.31929550955189,-136.40708585964498,-136.40708585964498,-136.40708585964498,-35.31929550955189,-35.31929550955189,-35.31929550955189,-101.08779035009312,-101.08779035009312,-101.08779035009312,0.0,0.0,0.0,-6.830508789609951
2030-02-28,129.557922694866,172.02751508399098,585.9312111756155,129.5576774829957,129.55820534547436,-35.31929550955189,-35.31929550955189,-35.31929550955189,255.25017655297182,255.25017655297182,255.25017655297182,-35.31929550955189,-35.31929550955189,-35.31929550955189,290.56947206252374,290.56947206252374,290.56947206252374,0.0,0.0,0.0,384.80809924783784
2030-03-31,129.53726963664312,-277.636083342393,167.44226977230244,129.53701530530202,129.53756018828653,-35.31929550955189,-35.31929550955189,-35.31929550955189,-177.39171409595906,-177.39171409595906,-177.39171409595906,-35.31929550955189,-35.31929550955189,-35.31929550955189,-142.0724185864072,-142.0724185864072,-142.0724185864072,0.0,0.0,0.0,-47.85444445931594
2030-04-30,129.51728280610482,77.41056277025136,510.7252366459701,129.51702126552638,129.5175841941972,-35.31929550955189,-35.31929550955189,-35.31929550955189,164.8594545793344,164.8594545793344,164.8594545793344,-35.31929550955189,-35.31929550955189,-35.31929550955189,200.17875008888635,200.17875008888635,200.17875008888635,0.0,0.0,0.0,294.37673738543924
2030-05-31,129.4966297478819,-5.188703065882171,428.45970091214326,129.49636025065155,129.49694007240498,-35.31929550955189,-35.31929550955189,-35.31929550955189,80.89119621901892,80.89119621901892,80.89119621901892,-35.31929550955189,-35.31929550955189,-35.31929550955189,116.21049172857084,116.21049172857084,116.21049172857084,0.0,0.0,0.0,210.38782596690083
2030-06-30,129.47664291734364,-244.91234645456709,209.47453296130715,129.47636462020677,129.47696287875408,-35.31929550955189,-35.31929550955189,-35.31929550955189,-149.11466086580705,-149.11466086580705,-149.11466086580705,-35.31929550955189,-35.31929550955189,-35.31929550955189,-113.79536535625519,-113.79536535625519,-113.79536535625519,0.0,0.0,0.0,-19.638017948463414
2030-07-31,129.45598985912073,448.8553877469471,896.7046895123885,129.45570306922178,129.45632165394485,-35.31929550955189,-35.31929550955189,-35.31929550955189,560.5805807219049,560.5805807219049,560.5805807219049,-35.31929550955189,-35.31929550955189,-35.31929550955189,595.8998762314568,595.8998762314568,595.8998762314568,0.0,0.0,0.0,690.0365705810257
2030-08-31,129.43533680089786,-807.7708050235209,-370.7678717101999,129.4350450745664,129.4356783592476,-35.31929550955189,-35.31929550955189,-35.31929550955189,-715.9338510937035,-715.9338510937035,-715.9338510937035,-35.31929550955189,-35.31929550955189,-35.31929550955189,-680.6145555841517,-680.6145555841517,-680.6145555841517,0.0,0.0,0.0,-586.4985142928057
2030-09-30,129.41534997035956,-113.0259234139211,307.1893840417706,129.41505059118242,129.4157032409438,-35.31929550955189,-35.31929550955189,-35.31929550955189,-36.42577381384557,-36.42577381384557,-36.42577381384557,-35.31929550955189,-35.31929550955189,-35.31929550955189,-1.1064783042936899,-1.1064783042936899,-1.1064783042936899,0.0,0.0,0.0,92.98957615651399
2030-10-31,129.39469691213665,337.9398718309281,780.7372061274315,129.39438705712763,129.3950590475974,-35.31929550955189,-35.31929550955189,-35.31929550955189,423.6393826698911,423.6393826698911,423.6393826698911,-35.31929550955189,-35.31929550955189,-35.31929550955189,458.95867817944304,458.95867817944304,458.95867817944304,0.0,0.0,0.0,553.0340795820277
2030-11-30,129.3747100815984,309.87939438658265,761.0153475031472,129.37439469010684,129.37508263049145,-35.31929550955189,-35.31929550955189,-35.31929550955189,405.3866548952207,405.3866548952207,405.3866548952207,-35.31929550955189,-35.31929550955189,-35.31929550955189,440.7059504047726,440.7059504047726,440.7059504047726,0.0,0.0,0.0,534.7613649768191
2030-12-31,129.3540570233755,-371.45329675183564,48.01504355093448,129.35373633821936,129.35443993152083,-35.31929550955189,-35.31929550955189,-35.31929550955189,-298.432273918498,-298.432273918498,-298.432273918498,-35.31929550955189,-35.31929550955189,-35.31929550955189,-263.1129784089461,-263.1129784089461,-263.1129784089461,0.0,0.0,0.0,-169.07821689512252
